"University","Title","Level","Link","Duration_years","ECTS","Language"
"University of Agder, South Norway","Academic Esports, Bachelor’s Programme","Bachelor","https://studyinnorway.no/study-opportunities/academic-esports-bachelors-programme",3,180,"English"
"UiT The Arctic University of Norway, North Norway","Aerospace Control Engineering - Master","Master","https://studyinnorway.no/study-opportunities/aerospace-control-engineering-master",2,120,"English"
"Norwegian University of Life Sciences, East Norway","Agroecology","Master","https://studyinnorway.no/study-opportunities/agroecology",2,120,"English"
"Norwegian University of Life Sciences, East Norway","Animal Science","Master","https://studyinnorway.no/study-opportunities/animal-science",2,120,"English"
"OsloMet – Oslo Metropolitan University, East Norway","Applied Computer and Information Technology (MSc)","Master","https://studyinnorway.no/study-opportunities/applied-computer-and-information-technology-msc",2,120,"English"
"UiT The Arctic University of Norway, North Norway","Applied Computer Science - Master","Master","https://studyinnorway.no/study-opportunities/applied-computer-science-master",2,120,"English"
"Norwegian University of Science and Technology, East Norway","Applied Computer Science - Master's Programme","Master","https://studyinnorway.no/study-opportunities/applied-computer-science-masters-programme",2,120,"English"
"Norwegian University of Life Sciences, East Norway","Applied Economics and Sustainability","Master","https://studyinnorway.no/study-opportunities/applied-economics-and-sustainability",2,120,"English"
"Norwegian University of Life Sciences, East Norway","Aquaculture","Master","https://studyinnorway.no/study-opportunities/aquaculture",2,120,"English"
"UiT The Arctic University of Norway,","Arctic Adventure Tourism - bachelor","Bachelor","https://studyinnorway.no/study-opportunities/arctic-adventure-tourism-bachelor",3,180,"English"
"UiT The Arctic University of Norway,","Arctic Nature Guide - one year programme","One-year programme","https://studyinnorway.no/study-opportunities/arctic-nature-guide-one-year-programme",1,60,"English"
"Western Norway University of Applied Sciences, West Norway","Art, culture and creativity in kindergarten","","https://studyinnorway.no/study-opportunities/art-culture-and-creativity-kindergarten",NA,30,"English"
"University of Agder, South Norway","Artificial Intelligence and The Internet of Things, Master's Programme","Master","https://studyinnorway.no/study-opportunities/artificial-intelligence-and-internet-things-masters-programme",2,120,"English"
"University of Oslo, East Norway","Asia and Middle East Studies","Master","https://studyinnorway.no/study-opportunities/asia-and-middle-east-studies",2,120,"English"
"University of Oslo, East Norway","Assessment, Measurement and Evaluation","Master","https://studyinnorway.no/study-opportunities/assessment-measurement-and-evaluation",2,120,"English"
"University of Oslo, East Norway","Astronomy","Master","https://studyinnorway.no/study-opportunities/astronomy",2,120,"English"
"University of Inland Norway, East Norway","Bachelor in animation and digital art","Bachelor","https://studyinnorway.no/study-opportunities/bachelor-animation-and-digital-art",3,180,"English"
"Kristiania University College, East Norway","Bachelor in Artificial Intelligence","Bachelor","https://studyinnorway.no/study-opportunities/bachelor-artificial-intelligence",3,180,"English"
"Fjellhaug International University College, East Norway","Bachelor in Bible, Ministry and Mission","Bachelor","https://studyinnorway.no/study-opportunities/bachelor-bible-ministry-and-mission",3,180,"English"
"Kristiania University College, East Norway","Bachelor in Computer Arts","Bachelor","https://studyinnorway.no/study-opportunities/bachelor-computer-arts",3,180,"English"
"University of Stavanger, West Norway","Bachelor in Dance","Bachelor","https://studyinnorway.no/study-opportunities/bachelor-dance",3,180,"English"
"Kristiania University College, East Norway","Bachelor in Data Science","Bachelor","https://studyinnorway.no/study-opportunities/bachelor-data-science",3,180,"English"
"University of Inland Norway, East Norway","Bachelor in game technology and simulation","Bachelor","https://studyinnorway.no/study-opportunities/bachelor-game-technology-and-simulation",3,180,"English"
"University of Agder, South Norway","Bachelor's Programme in Classical Music Performance","Bachelor","https://studyinnorway.no/study-opportunities/bachelors-programme-classical-music-performance",3,180,"English"
"University of Agder, South Norway","Bachelor's Programme in English","Bachelor","https://studyinnorway.no/study-opportunities/bachelors-programme-english",3,180,"English"
"University of Agder, South Norway","Bachelor's Programme in Global Development Studies","Bachelor","https://studyinnorway.no/study-opportunities/bachelors-programme-global-development-studies",3,180,"English"
"BI Norwegian Business School, East Norway","BI–Luiss Joint MSc in Marketing","Master","https://studyinnorway.no/study-opportunities/bi-luiss-joint-msc-marketing",2,120,"English"
"University of Stavanger, West Norway","Biological Chemistry - Master of Science Degree Programme","Master","https://studyinnorway.no/study-opportunities/biological-chemistry-master-science-degree-programme",2,120,"English"
"UiT The Arctic University of Norway,","Biology - master","Master","https://studyinnorway.no/study-opportunities/biology-master",2,120,"English"
"Norwegian University of Science and Technology, Mid Norway","Biology - Master's Programme","Master","https://studyinnorway.no/study-opportunities/biology-masters-programme",2,120,"English"
"Nord University, North Norway","Biology, Bachelor of Science","Bachelor","https://studyinnorway.no/study-opportunities/biology-bachelor-science",3,180,"English"
"UiT The Arctic University of Norway,","Biomedicine - master","Master","https://studyinnorway.no/study-opportunities/biomedicine-master",2,120,"English"
"University of Oslo, East Norway","Bioscience","Master","https://studyinnorway.no/study-opportunities/bioscience",2,120,"English"
"Nord University, North Norway, Mid Norway","Biosciences, Master Degree","Master","https://studyinnorway.no/study-opportunities/biosciences-master-degree",2,120,"English"
"Norwegian University of Science and Technology, Mid Norway","Biotechnology - Master's Programme","Master","https://studyinnorway.no/study-opportunities/biotechnology-masters-programme",2,120,"English"
"University of South-Eastern Norway,","Blues","One-year programme","https://studyinnorway.no/study-opportunities/blues",1,60,"English"
"BI Norwegian Business School, East Norway","Business Administration (BBA)","Bachelor","https://studyinnorway.no/study-opportunities/business-administration-bba",3,180,"English"
"University of Stavanger, West Norway","Business Administration - Master of Science","Master","https://studyinnorway.no/study-opportunities/business-administration-master-science",2,120,"English"
"NHH Norwegian School of Economics,","Business Analysis and Performance Management","Master","https://studyinnorway.no/study-opportunities/business-analysis-and-performance-management",2,120,"English"
"BI Norwegian Business School, East Norway","Business Analytics","Master","https://studyinnorway.no/study-opportunities/business-analytics",2,120,"English"
"NHH Norwegian School of Economics,","Business Analytics","Master","https://studyinnorway.no/study-opportunities/business-analytics-0",2,120,"English"
"Nord University, North Norway","Business, Master of Science","Master","https://studyinnorway.no/study-opportunities/business-master-science",2,120,"English"
"Nord University, Mid Norway","CG Art and Animation, Bachelor","Bachelor","https://studyinnorway.no/study-opportunities/cg-art-and-animation-bachelor",3,180,"English"
"University of Oslo, East Norway","Chemistry","Master","https://studyinnorway.no/study-opportunities/chemistry-0",2,120,"English"
"Norwegian University of Life Sciences, East Norway","Chemistry","Master","https://studyinnorway.no/study-opportunities/chemistry",2,120,"English"
"Norwegian University of Science and Technology, Mid Norway","Chemistry - Master's Programme","Master","https://studyinnorway.no/study-opportunities/chemistry-masters-programme",2,120,"English"
"Norwegian University of Science and Technology, Mid Norway","Childhood Studies - Master's Programme","Master","https://studyinnorway.no/study-opportunities/childhood-studies-masters-programme",2,120,"English"
"Nord University, North Norway","Circumpolar Studies, one year program","One-year programme","https://studyinnorway.no/study-opportunities/circumpolar-studies-one-year-program",1,60,"English"
"University of Stavanger, West Norway","City and Regional Planning - Master of Science","Master","https://studyinnorway.no/study-opportunities/city-and-regional-planning-master-science",2,120,"English"
"OsloMet – Oslo Metropolitan University, East Norway","Civil Engineering","Master","https://studyinnorway.no/study-opportunities/civil-engineering",2,120,"English"
"University of Oslo, East Norway","Classical Studies","Master","https://studyinnorway.no/study-opportunities/classical-studies",2,120,"English"
"Western Norway University of Applied Sciences, West Norway","Climate Change Management","Master","https://studyinnorway.no/study-opportunities/climate-change-management-0",2,120,"English"
"Norwegian University of Science and Technology, Mid Norway","Coastal and Marine Engineering and Management (CoMEM+) - Master's Programme","Master","https://studyinnorway.no/study-opportunities/coastal-and-marine-engineering-and-management-comem-masters-programme",2,120,"English"
"Norwegian University of Science and Technology, Mid Norway","Cold Climate Engineering - Nordic Master's Programme","Master","https://studyinnorway.no/study-opportunities/cold-climate-engineering-nordic-masters-programme",2,120,"English"
"VID Specialized University, East Norway, West Norway","Community Development and Social Innovation - Master","Master","https://studyinnorway.no/study-opportunities/community-development-and-social-innovation-master",2,120,"English"
"University of Stavanger, West Norway","Computational Engineering - Master of Science Degree Programme","Master","https://studyinnorway.no/study-opportunities/computational-engineering-master-science-degree-programme",2,120,"English"
"University of Oslo, East Norway","Computational Science","Master","https://studyinnorway.no/study-opportunities/computational-science",2,120,"English"
"UiT The Arctic University of Norway,","Computer Science - master","Master","https://studyinnorway.no/study-opportunities/computer-science-master",2,120,"English"
"UiT The Arctic University of Norway, North Norway","Computer Science - master","Master","https://studyinnorway.no/study-opportunities/computer-science-master-0",2,120,"English"
"University of Stavanger, West Norway","Computer Science - Master of Science Degree Programme","Master","https://studyinnorway.no/study-opportunities/computer-science-master-science-degree-programme",2,120,"English"
"University of Stavanger, West Norway","ConductIT","","https://studyinnorway.no/study-opportunities/conductit",NA,30,"English"
"UiT The Arctic University of Norway,","Contemporary Issues in Risk and Crisis Management - master","Master","https://studyinnorway.no/study-opportunities/contemporary-issues-risk-and-crisis-management-master",2,120,"English"
"Norwegian University of Science and Technology, Mid Norway","Coordinated Humanitarian Response, Health and Displacement – Master's Programme","Master","https://studyinnorway.no/study-opportunities/coordinated-humanitarian-response-health-and-displacement-masters-programme",2,120,"English"
"Norwegian University of Science and Technology, Mid Norway","Creative Music Technology - Master’s programme","Master","https://studyinnorway.no/study-opportunities/creative-music-technology-masters-programme",2,120,"English"
"University of Agder, South Norway","Cybersecurity management, Master’s Programme","Master","https://studyinnorway.no/study-opportunities/cybersecurity-management-masters-programme",2,120,"English"
"University of Oslo, East Norway","Data Science","Master","https://studyinnorway.no/study-opportunities/data-science-0",2,120,"English"
"Norwegian University of Life Sciences,","Data Science","Master","https://studyinnorway.no/study-opportunities/data-science",2,120,"English"
"University of Stavanger, West Norway","Data Science - Master of Science Degree Programme","Master","https://studyinnorway.no/study-opportunities/data-science-master-science-degree-programme",2,120,"English"
"BI Norwegian Business School, East Norway","Data Science for Business","Bachelor","https://studyinnorway.no/study-opportunities/data-science-business",3,180,"English"
"BI Norwegian Business School, East Norway","Data Science for Business","Master","https://studyinnorway.no/study-opportunities/data-science-business-0",2,120,"English"
"University of Oslo, East Norway","Development, Environment and Cultural Change","Master","https://studyinnorway.no/study-opportunities/development-environment-and-cultural-change",2,120,"English"
"BI Norwegian Business School, East Norway","Digital Business","Bachelor","https://studyinnorway.no/study-opportunities/digital-business",3,180,"English"
"BI Norwegian Business School, East Norway","Digital Communication Management","Master","https://studyinnorway.no/study-opportunities/digital-communication-management",2,120,"English"
"Norwegian University of Science and Technology, Mid Norway","Digital Infrastructure and Cyber Security - Master's Programme","Master","https://studyinnorway.no/study-opportunities/digital-infrastructure-and-cyber-security-masters-programme",2,120,"English"
"University of Oslo, East Norway","Digitalization in the Health Sector","Master","https://studyinnorway.no/study-opportunities/digitalization-health-sector",2,120,"English"
"Norwegian University of Life Sciences, East Norway","Ecology","Master","https://studyinnorway.no/study-opportunities/ecology",2,120,"English"
"NHH Norwegian School of Economics, West Norway","Economic Analysis","Master","https://studyinnorway.no/study-opportunities/economic-analysis",2,120,"English"
"NHH Norwegian School of Economics, West Norway","Economics","Master","https://studyinnorway.no/study-opportunities/economics",2,120,"English"
"University of Oslo, East Norway","Economics","Master","https://studyinnorway.no/study-opportunities/economics-0",2,120,"English"
"Norwegian University of Life Sciences, East Norway","Economics and Environmental Governance","Master","https://studyinnorway.no/study-opportunities/economics-and-environmental-governance",2,120,"English"
"University of Oslo, East Norway","Education","Master","https://studyinnorway.no/study-opportunities/education",2,120,"English"
"University of Inland Norway, East Norway","Education for Diversity and Sustainable Living - Nordic perspectives in a global context","","https://studyinnorway.no/study-opportunities/education-diversity-and-sustainable-living-nordic-perspectives-global-context",NA,30,"English"
"Norwegian University of Science and Technology, Mid Norway","Electric Power Engineering - Master's Programme","Master","https://studyinnorway.no/study-opportunities/electric-power-engineering-masters-programme",2,120,"English"
"UiT The Arctic University of Norway, North Norway","Electrical Engineering - Master","Master","https://studyinnorway.no/study-opportunities/electrical-engineering-master",2,120,"English"
"University of Oslo, East Norway","Electronics, Informatics and Technology","Master","https://studyinnorway.no/study-opportunities/electronics-informatics-and-technology",2,120,"English"
"NHH Norwegian School of Economics,","Energy, Natural Resources and the Environment","Master","https://studyinnorway.no/study-opportunities/energy-natural-resources-and-environment",2,120,"English"
"University of Stavanger, West Norway","Energy, Reservoir and Earth Sciences - Master of Science Degree Programme","Master","https://studyinnorway.no/study-opportunities/energy-reservoir-and-earth-sciences-master-science-degree-programme",2,120,"English"
"UiT The Arctic University of Norway, North Norway","Engineering Design - Master","Master","https://studyinnorway.no/study-opportunities/engineering-design-master",2,120,"English"
"UiT The Arctic University of Norway,","English Acquisition and Multilingualism - master","Master","https://studyinnorway.no/study-opportunities/english-acquisition-and-multilingualism-master",2,120,"English"
"University of Stavanger, West Norway","English and Literacy Studies - Master's Degree Programme","Master","https://studyinnorway.no/study-opportunities/english-and-literacy-studies-masters-degree-programme",2,120,"English"
"Norwegian University of Science and Technology, Mid Norway","English Linguistics and Language Acquisition - Master's Programme","Master","https://studyinnorway.no/study-opportunities/english-linguistics-and-language-acquisition-masters-programme",2,120,"English"
"UiT The Arctic University of Norway,","English Literature - master","Master","https://studyinnorway.no/study-opportunities/english-literature-master",2,120,"English"
"BI Norwegian Business School, East Norway","Entrepreneurship and Innovation","Master","https://studyinnorway.no/study-opportunities/entrepreneurship-and-innovation",2,120,"English"
"University of Oslo, East Norway","Entrepreneurship and Innovation Management","Master","https://studyinnorway.no/study-opportunities/entrepreneurship-and-innovation-management",2,120,"English"
"University of Stavanger, West Norway","Environmental Engineering - Master of Science Degree Programme","Master","https://studyinnorway.no/study-opportunities/environmental-engineering-master-science-degree-programme",2,120,"English"
"Norwegian University of Science and Technology, Mid Norway","Environmental Engineering - Master's Programme","Master","https://studyinnorway.no/study-opportunities/environmental-engineering-masters-programme",2,120,"English"
"UiT The Arctic University of Norway,","Environmental Law - master","Master","https://studyinnorway.no/study-opportunities/environmental-law-master",2,120,"English"
"University of South-Eastern Norway,","Environmental Technology","Master","https://studyinnorway.no/study-opportunities/environmental-technology",2,120,"English"
"Norwegian University of Science and Technology, Mid Norway","Environmental Toxicology and Chemistry - Master's Programme","Master","https://studyinnorway.no/study-opportunities/environmental-toxicology-and-chemistry-masters-programme",2,120,"English"
"Norwegian Academy of Music, East Norway","European Cham­ber Music Mas­ter ECMAs­ter","Master","https://studyinnorway.no/study-opportunities/european-cham-ber-music-mas-ter-ecmas-ter",2,120,"English"
"University of Oslo, East Norway","European History","Master","https://studyinnorway.no/study-opportunities/european-history",2,120,"English"
"University of Oslo, East Norway","European Languages","Master","https://studyinnorway.no/study-opportunities/european-languages",2,120,"English"
"Norwegian University of Life Sciences, East Norway","European Master in Animal Breeding and Genetics","Master","https://studyinnorway.no/study-opportunities/european-master-animal-breeding-and-genetics",2,120,"English"
"University of Oslo, East Norway","European Master in Health Economics and Management","Master","https://studyinnorway.no/study-opportunities/european-master-health-economics-and-management",2,120,"English"
"Norwegian School of Sport Sciences,","European Master in Physical Activity and Health","Master","https://studyinnorway.no/study-opportunities/european-master-physical-activity-and-health",2,120,"English"
"Norwegian University of Science and Technology, Mid Norway","European Studies - Master's Programme","Master","https://studyinnorway.no/study-opportunities/european-studies-masters-programme",2,120,"English"
"Molde University College – Specialized University in Logistics (HiMolde),","Experience-based Master in Applied Informatics online","Master","https://studyinnorway.no/study-opportunities/experience-based-master-applied-informatics-online",NA,90,"English"
"University of Stavanger, West Norway","Extension studies in Music Performance","","https://studyinnorway.no/study-opportunities/extension-studies-music-performance",NA,60,"English"
"Nord University, Mid Norway","Film and TV Production, Bachelor","Bachelor","https://studyinnorway.no/study-opportunities/film-and-tv-production-bachelor",3,180,"English"
"BI Norwegian Business School,","Finance","Master","https://studyinnorway.no/study-opportunities/finance",2,120,"English"
"NHH Norwegian School of Economics,","Financial Economics","Master","https://studyinnorway.no/study-opportunities/financial-economics",2,120,"English"
"UiT The Arctic University of Norway,","Fine Art - master","Master","https://studyinnorway.no/study-opportunities/fine-art-master",2,120,"English"
"Norwegian University of Science and Technology, Mid Norway","Fine Art - Master's Programme","Master","https://studyinnorway.no/study-opportunities/fine-art-masters-programme",2,120,"English"
"Western Norway University of Applied Sciences, West Norway","Fire Safety","Master","https://studyinnorway.no/study-opportunities/fire-safety",2,120,"English"
"University of Oslo, East Norway","Fluid Mechanics","Master","https://studyinnorway.no/study-opportunities/fluid-mechanics",2,120,"English"
"Nord University, Mid Norway","Games and Entertainment Technology, Bachelor","Bachelor","https://studyinnorway.no/study-opportunities/games-and-entertainment-technology-bachelor",3,180,"English"
"University of Oslo, East Norway","Gender Studies","Master","https://studyinnorway.no/study-opportunities/gender-studies",2,120,"English"
"Norwegian University of Life Sciences, East Norway","Genome Sciences","Master","https://studyinnorway.no/study-opportunities/genome-sciences",2,120,"English"
"University of Oslo, East Norway","Geosciences","Master","https://studyinnorway.no/study-opportunities/geosciences",2,120,"English"
"UiT The Arctic University of Norway,","Geosciences - master","Master","https://studyinnorway.no/study-opportunities/geosciences-master",2,120,"English"
"Norwegian University of Science and Technology, Mid Norway","Geotechnics and Geohazards - Master's Programme","Master","https://studyinnorway.no/study-opportunities/geotechnics-and-geohazards-masters-programme",2,120,"English"
"Norwegian University of Life Sciences, East Norway","Global Development Studies","Master","https://studyinnorway.no/study-opportunities/global-development-studies",2,120,"English"
"Norwegian University of Life Sciences, East Norway","Global Economy and Politics","Master","https://studyinnorway.no/study-opportunities/global-economy-and-politics",2,120,"English"
"Norwegian University of Science and Technology, Mid Norway","Global Manufacturing Management - Master's Programme","Master","https://studyinnorway.no/study-opportunities/global-manufacturing-management-masters-programme",2,120,"English"
"Norwegian University of Science and Technology, Mid Norway","Globalisation and Sustainable Development - Master's Programme","Master","https://studyinnorway.no/study-opportunities/globalisation-and-sustainable-development-masters-programme",2,120,"English"
"University of Oslo, East Norway","Health Economics, Policy and Management","Master","https://studyinnorway.no/study-opportunities/health-economics-policy-and-management",2,120,"English"
"Norwegian University of Science and Technology, Mid Norway","Health Management in Aquaculture - Master's Programme","Master","https://studyinnorway.no/study-opportunities/health-management-aquaculture-masters-programme",2,120,"English"
"Western Norway University of Applied Sciences, West Norway","Healthy Ageing and Rehabilitation","Master","https://studyinnorway.no/study-opportunities/healthy-ageing-and-rehabilitation",2,120,"English"
"University of Oslo, East Norway","Human Geography","Master","https://studyinnorway.no/study-opportunities/human-geography",2,120,"English"
"Norwegian University of Science and Technology, Mid Norway","Hydrogen Systems and Enabling Technologies - Master's Programme","Master","https://studyinnorway.no/study-opportunities/hydrogen-systems-and-enabling-technologies-masters-programme",2,120,"English"
"University of South-Eastern Norway,","Hydrogen Technology","Master","https://studyinnorway.no/study-opportunities/hydrogen-technology",2,120,"English"
"Norwegian University of Science and Technology, Mid Norway","Hydropower Development - Master's Programme","Master","https://studyinnorway.no/study-opportunities/hydropower-development-masters-programme",2,120,"English"
"University of Oslo, East Norway","Ibsen Studies","Master","https://studyinnorway.no/study-opportunities/ibsen-studies",2,120,"English"
"UiT The Arctic University of Norway,","Indigenous Studies - master","Master","https://studyinnorway.no/study-opportunities/indigenous-studies-master",2,120,"English"
"University of Stavanger, West Norway","Industrial Asset Management - Master of Science Degree Programme","Master","https://studyinnorway.no/study-opportunities/industrial-asset-management-master-science-degree-programme",2,120,"English"
"Norwegian University of Science and Technology, Mid Norway","Industrial Ecology - Master's Programme","Master","https://studyinnorway.no/study-opportunities/industrial-ecology-masters-programme",2,120,"English"
"UiT The Arctic University of Norway, North Norway","Industrial Engineering - Master","Master","https://studyinnorway.no/study-opportunities/industrial-engineering-master",2,120,"English"
"Norwegian University of Science and Technology, Mid Norway","Informatics - Master's Programme","Master","https://studyinnorway.no/study-opportunities/informatics-masters-programme",2,120,"English"
"University of Oslo, East Norway","Informatics: Design, Use, Interaction","Master","https://studyinnorway.no/study-opportunities/informatics-design-use-interaction",2,120,"English"
"University of Oslo, East Norway","Informatics: Digital Economy and Leadership","Master","https://studyinnorway.no/study-opportunities/informatics-digital-economy-and-leadership",2,120,"English"
"University of Oslo, East Norway","Informatics: Information Security","Master","https://studyinnorway.no/study-opportunities/informatics-information-security",2,120,"English"
"University of Oslo, East Norway","Informatics: Language Technology","Master","https://studyinnorway.no/study-opportunities/informatics-language-technology",2,120,"English"
"University of Oslo, East Norway","Informatics: Programming and Systems Architecture","Master","https://studyinnorway.no/study-opportunities/informatics-programming-and-systems-architecture",2,120,"English"
"University of Oslo, East Norway","Informatics: Robotics and Intelligent Systems","Master","https://studyinnorway.no/study-opportunities/informatics-robotics-and-intelligent-systems",2,120,"English"
"University of Oslo, East Norway","Information and Communication Technology Law","Master","https://studyinnorway.no/study-opportunities/information-and-communication-technology-law",1,90,"English"
"Norwegian University of Science and Technology, East Norway","Information Security - Master's Programme","Master","https://studyinnorway.no/study-opportunities/information-security-masters-programme",NA,90,"English"
"Norwegian University of Science and Technology, East Norway","Information Security - Master's Programme","Master","https://studyinnorway.no/study-opportunities/information-security-masters-programme-0",2,120,"English"
"Norwegian University of Life Sciences,","Intelligent Water Technology","Master","https://studyinnorway.no/study-opportunities/intelligent-water-technology",2,120,"English"
"Norwegian University of Science and Technology, West Norway","International Business and Marketing - Master's Programme","Master","https://studyinnorway.no/study-opportunities/international-business-and-marketing-masters-programme",2,120,"English"
"University of Oslo, East Norway","International Community Health","Master","https://studyinnorway.no/study-opportunities/international-community-health",2,120,"English"
"OsloMet – Oslo Metropolitan University, East Norway","International Development, Education, and Sustainabilities","Master","https://studyinnorway.no/study-opportunities/international-development-education-and-sustainabilities",2,120,"English"
"Norwegian University of Life Sciences, East Norway","International Environment and Development Studies","Bachelor","https://studyinnorway.no/study-opportunities/international-environment-and-development-studies",3,180,"English"
"Norwegian University of Life Sciences, East Norway","International Environmental Studies","Master","https://studyinnorway.no/study-opportunities/international-environmental-studies",2,120,"English"
"Norwegian University of Life Sciences, East Norway","International Relations","Master","https://studyinnorway.no/study-opportunities/international-relations",2,120,"English"
"Norwegian University of Life Sciences, East Norway","International Relations - part time","Master","https://studyinnorway.no/study-opportunities/international-relations-part-time",2,120,"English"
"UiT The Arctic University of Norway,","Landscape Architecture - master","Master","https://studyinnorway.no/study-opportunities/landscape-architecture-master",2,120,"English"
"Norwegian University of Life Sciences, East Norway","Landscape Architecture for Global Sustainability","Master","https://studyinnorway.no/study-opportunities/landscape-architecture-global-sustainability",2,120,"English"
"UiT The Arctic University of Norway,","Law of the Sea - master","Master","https://studyinnorway.no/study-opportunities/law-sea-master",1,90,"English"
"BI Norwegian Business School, East Norway, West Norway","Leadership and Organisational Psychology","Master","https://studyinnorway.no/study-opportunities/leadership-and-organisational-psychology",2,120,"English"
"University of Oslo, East Norway","Linguistics","Master","https://studyinnorway.no/study-opportunities/linguistics",2,120,"English"
"Norwegian University of Science and Technology, West Norway","Management of Innovation and Sustainable Business Development - Master's Programme","Master","https://studyinnorway.no/study-opportunities/management-innovation-and-sustainable-business-development-masters-programme",2,120,"English"
"Norwegian University of Science and Technology, East Norway","Manufacturing 4.0 by Intelligent and Sustainable Technologies - Master's Programme","Master","https://studyinnorway.no/study-opportunities/manufacturing-40-intelligent-and-sustainable-technologies-masters-programme",2,120,"English"
"Norwegian University of Science and Technology, Mid Norway","Marine and Maritime Intelligent Robotics (MIR) - Master's Programme","Master","https://studyinnorway.no/study-opportunities/marine-and-maritime-intelligent-robotics-mir-masters-programme",2,120,"English"
"University of Stavanger, West Norway","Marine and Offshore Technology - Master of Science Degree Programme","Master","https://studyinnorway.no/study-opportunities/marine-and-offshore-technology-master-science-degree-programme",2,120,"English"
"UiT The Arctic University of Norway,","Marine Biotechnology - master","Master","https://studyinnorway.no/study-opportunities/marine-biotechnology-master",2,120,"English"
"Norwegian University of Science and Technology, Mid Norway","Marine Technology - Master's Programme","Master","https://studyinnorway.no/study-opportunities/marine-technology-masters-programme",2,120,"English"
"Norwegian University of Science and Technology, Mid Norway","Maritime Engineering - Nordic Master's Programme","Master","https://studyinnorway.no/study-opportunities/maritime-engineering-nordic-masters-programme",2,120,"English"
"University of Oslo, East Norway","Maritime Law","Master","https://studyinnorway.no/study-opportunities/maritime-law",1,90,"English"
"University of South-Eastern Norway,","Maritime Management (commercial specialization)","Master","https://studyinnorway.no/study-opportunities/maritime-management-commercial-specialization",2,120,"English"
"University of South-Eastern Norway,","Maritime Management (technical specialization)","Master","https://studyinnorway.no/study-opportunities/maritime-management-technical-specialization",2,120,"English"
"Western Norway University of Applied Sciences, West Norway","Maritime Operations","Master","https://studyinnorway.no/study-opportunities/maritime-operations",2,120,"English"
"NHH Norwegian School of Economics,","Marketing and Brand Management","Master","https://studyinnorway.no/study-opportunities/marketing-and-brand-management",2,120,"English"
"Norwegian Academy of Music, East Norway","Mas­ter of Music in Con­duct­ing","Master","https://studyinnorway.no/study-opportunities/mas-ter-music-con-duct-ing",2,120,"English"
"Norwegian Academy of Music, East Norway","Mas­ter of Music in Music The­ory","Master","https://studyinnorway.no/study-opportunities/mas-ter-music-music-ory",2,120,"English"
"Norwegian Academy of Music, East Norway","Mas­ter of Music Per­form­ance","Master","https://studyinnorway.no/study-opportunities/mas-ter-music-form-ance",2,120,"English"
"University of Oslo, East Norway","Master Honours Certificate in Education for Sustainable Health","","https://studyinnorway.no/study-opportunities/master-honours-certificate-education-sustainable-health",NA,20,"English"
"University of Inland Norway, East Norway","Master in Applied Biotechnology and Biomedical Sciences","Master","https://studyinnorway.no/study-opportunities/master-applied-biotechnology-and-biomedical-sciences",2,120,"English"
"Østfold University College,","Master in Applied Computer Science (120 ECTS)","Master","https://studyinnorway.no/study-opportunities/master-applied-computer-science-120-ects",2,120,"English"
"Østfold University College,","Master in Applied Computer Science, part-time (120 ECTS)","Master","https://studyinnorway.no/study-opportunities/master-applied-computer-science-part-time-120-ects",2,120,"English"
"University of Inland Norway, East Norway","Master in Applied Ecology","Master","https://studyinnorway.no/study-opportunities/master-applied-ecology-0",2,120,"English"
"Kristiania University College, East Norway","Master in Artificial Intelligence","Master","https://studyinnorway.no/study-opportunities/master-artificial-intelligence",2,120,"English"
"Kristiania University College, East Norway","Master in Cyber Security","Master","https://studyinnorway.no/study-opportunities/master-cyber-security",2,120,"English"
"University of Inland Norway, East Norway","Master in Digital Communication and Culture","Master","https://studyinnorway.no/study-opportunities/master-digital-communication-and-culture",2,120,"English"
"NLA University College, South Norway","Master in Global Journalism","Master","https://studyinnorway.no/study-opportunities/master-global-journalism",2,120,"English"
"Østfold University College,","Master in Green Energy Technology (120 ECTS)","Master","https://studyinnorway.no/study-opportunities/master-green-energy-technology-120-ects",2,120,"English"
"Kristiania University College, East Norway","Master in Human-Computer Interaction","Master","https://studyinnorway.no/study-opportunities/master-human-computer-interaction",2,120,"English"
"Kristiania University College, East Norway","Master in Information Systems - Business Analytics","Master","https://studyinnorway.no/study-opportunities/master-information-systems-business-analytics",2,120,"English"
"Kristiania University College, East Norway","Master in Information Systems - Digital Business Systems","Master","https://studyinnorway.no/study-opportunities/master-information-systems-digital-business-systems",2,120,"English"
"Kristiania University College, East Norway","Master in Information Systems - Digital Marketing","Master","https://studyinnorway.no/study-opportunities/master-information-systems-digital-marketing",2,120,"English"
"University of South-Eastern Norway,","Master in Innovation and Technology Management","Master","https://studyinnorway.no/study-opportunities/master-innovation-and-technology-management",2,120,"English"
"University of South-Eastern Norway,","Master in Innovation and Technology Management","Master","https://studyinnorway.no/study-opportunities/master-innovation-and-technology-management-0",2,120,"English"
"University of Agder, South Norway","Master in Management and Business Development","Master","https://studyinnorway.no/study-opportunities/master-management-and-business-development",2,120,"English"
"Volda University College, West Norway","Master in Media Practices","Master","https://studyinnorway.no/study-opportunities/master-media-practices",2,120,"English"
"MF Norwegian School of Theology, Religion and Society,","Master in Religion in Contemporary Society","Master","https://studyinnorway.no/study-opportunities/master-religion-contemporary-society",2,120,"English"
"University of Inland Norway, East Norway","Master in special education - Sustainability, inclusion and participation","Master","https://studyinnorway.no/study-opportunities/master-special-education-sustainability-inclusion-and-participation",2,120,"English"
"MF Norwegian School of Theology, Religion and Society,","Master in the Study of Religion","Master","https://studyinnorway.no/study-opportunities/master-study-religion",2,120,"English"
"NLA University College, West Norway","MASTER IN THEOLOGY AND MINISTRY","Master","https://studyinnorway.no/study-opportunities/master-theology-and-ministry",2,120,"English"
"BI Norwegian Business School, East Norway","Master of Business - Major in Accounting and Business Control","Master","https://studyinnorway.no/study-opportunities/master-business-major-accounting-and-business-control",2,120,"English"
"BI Norwegian Business School, East Norway","Master of Business - Major in Economics","Master","https://studyinnorway.no/study-opportunities/master-business-major-economics",2,120,"English"
"BI Norwegian Business School, East Norway, West Norway","Master of Business - Major in Finance","Master","https://studyinnorway.no/study-opportunities/master-business-major-finance",2,120,"English"
"BI Norwegian Business School, East Norway","Master of Business - Major in Leadership and change","Master","https://studyinnorway.no/study-opportunities/master-business-major-leadership-and-change",2,120,"English"
"BI Norwegian Business School, East Norway","Master of Business - Major in Logistics and Supply Chain Management","Master","https://studyinnorway.no/study-opportunities/master-business-major-logistics-and-supply-chain-management",2,120,"English"
"BI Norwegian Business School, East Norway","Master of Business - Major in Marketing","Master","https://studyinnorway.no/study-opportunities/master-business-major-marketing",2,120,"English"
"BI Norwegian Business School, East Norway","Master of Business - Major in Strategy","Master","https://studyinnorway.no/study-opportunities/master-business-major-strategy",2,120,"English"
"Oslo School of Architecture and Design, East Norway","Master of design","Master","https://studyinnorway.no/study-opportunities/master-design",2,120,"English"
"Oslo School of Architecture and Design, East Norway","Master of Landscape Architecture","Master","https://studyinnorway.no/study-opportunities/master-landscape-architecture",2,120,"English"
"Norwegian Academy of Music, East Norway","Master of Music in Composition","Master","https://studyinnorway.no/study-opportunities/master-music-composition",2,120,"English"
"UiT The Arctic University of Norway,","Master of Philosophy in Visual and Multimodal Anthropology","Master","https://studyinnorway.no/study-opportunities/master-philosophy-visual-and-multimodal-anthropology",2,120,"English"
"University of South-Eastern Norway,","Master of Science – Electrical Power Engineering","Master","https://studyinnorway.no/study-opportunities/master-science-electrical-power-engineering",2,120,"English"
"University of South-Eastern Norway,","Master of Science – IT and Automation","Master","https://studyinnorway.no/study-opportunities/master-science-it-and-automation",2,120,"English"
"University of South-Eastern Norway,","Master of Science – Process, Energy and Environmental Technology","Master","https://studyinnorway.no/study-opportunities/master-science-process-energy-and-environmental-technology",2,120,"English"
"University of South-Eastern Norway,","Master of Science – Sensor Systems and Innovation","Master","https://studyinnorway.no/study-opportunities/master-science-sensor-systems-and-innovation",2,120,"English"
"University of South-Eastern Norway,","Master of Science – Sensor Systems and Innovation","Master","https://studyinnorway.no/study-opportunities/master-science-sensor-systems-and-innovation-0",2,120,"English"
"University of Inland Norway, East Norway","Master of science in business administration - major Business Analytics","Master","https://studyinnorway.no/study-opportunities/master-science-business-administration-major-business-analytics",2,120,"English"
"University of South-Eastern Norway,","Master of Science in Computer Science","Master","https://studyinnorway.no/study-opportunities/master-science-computer-science",2,120,"English"
"University of South-Eastern Norway,","Master of Science in Ecology and Environmental Management","Master","https://studyinnorway.no/study-opportunities/master-science-ecology-and-environmental-management",2,120,"English"
"Molde University College – Specialized University in Logistics (HiMolde), West Norway","Master of Science in Economics and Business Administration","Master","https://studyinnorway.no/study-opportunities/master-science-economics-and-business-administration",2,120,"English"
"Molde University College – Specialized University in Logistics (HiMolde), West Norway","Master of Science in Logistics","Master","https://studyinnorway.no/study-opportunities/master-science-logistics",2,120,"English"
"Molde University College – Specialized University in Logistics (HiMolde), West Norway","Master of Science in Sport Management","Master","https://studyinnorway.no/study-opportunities/master-science-sport-management",2,120,"English"
"Molde University College – Specialized University in Logistics (HiMolde), West Norway","Master of Science in Sustainable Energy Logistics","Master","https://studyinnorway.no/study-opportunities/master-science-sustainable-energy-logistics",2,120,"English"
"Molde University College – Specialized University in Logistics (HiMolde), West Norway","Master of Science in Sustainable Transport and Urban Mobility","Master","https://studyinnorway.no/study-opportunities/master-science-sustainable-transport-and-urban-mobility",2,120,"English"
"University of South-Eastern Norway,","Master of Sustainability Management","Master","https://studyinnorway.no/study-opportunities/master-sustainability-management",2,120,"English"
"VID Specialized University, West Norway","Master of theology and religious studies","Master","https://studyinnorway.no/study-opportunities/master-theology-and-religious-studies",2,120,"English"
"University of Stavanger, West Norway","Master’s Degree Programme in Performing Arts","Master","https://studyinnorway.no/study-opportunities/masters-degree-programme-performing-arts",2,120,"English"
"University of Bergen, West Norway","Master's Programme in Biomedical Sciences","Master","https://studyinnorway.no/study-opportunities/masters-programme-biomedical-sciences",2,120,"English"
"University of Agder, South Norway","Master's Programme in Business Administration","Master","https://studyinnorway.no/study-opportunities/masters-programme-business-administration",2,120,"English"
"University of Agder, South Norway","Master's Programme in Business Administration","Master","https://studyinnorway.no/study-opportunities/masters-programme-business-administration-0",2,120,"English"
"University of Agder, South Norway","Master's Programme in Classical Music Performance","Master","https://studyinnorway.no/study-opportunities/masters-programme-classical-music-performance",2,120,"English"
"University of Agder, South Norway","Master's Programme in Coastal Ecology","Master","https://studyinnorway.no/study-opportunities/masters-programme-coastal-ecology",2,120,"English"
"University of Bergen, West Norway","Master's Programme in Curatorial Practice","Master","https://studyinnorway.no/study-opportunities/masters-programme-curatorial-practice",NA,90,"English"
"University of Bergen, West Norway","Master's Programme in Design","Master","https://studyinnorway.no/study-opportunities/masters-programme-design",2,120,"English"
"University of Bergen, West Norway","Master's Programme in Digital Culture","Master","https://studyinnorway.no/study-opportunities/masters-programme-digital-culture",2,120,"English"
"University of Bergen, West Norway","Master's Programme in Energy and Process Technology","Master","https://studyinnorway.no/study-opportunities/masters-programme-energy-and-process-technology",2,120,"English"
"University of Agder, South Norway","Master's Programme in English","Master","https://studyinnorway.no/study-opportunities/masters-programme-english",2,120,"English"
"University of Bergen, West Norway","Master's Programme in Fine Art","Master","https://studyinnorway.no/study-opportunities/masters-programme-fine-art",2,120,"English"
"University of Bergen, West Norway","Master's Programme in French","Master","https://studyinnorway.no/study-opportunities/masters-programme-french",2,120,"English"
"University of Bergen, West Norway","Master's Programme in Geographies of Sustainable Development","Master","https://studyinnorway.no/study-opportunities/masters-programme-geographies-sustainable-development",2,120,"English"
"University of Bergen, West Norway","Master's Programme in German","Master","https://studyinnorway.no/study-opportunities/masters-programme-german",2,120,"English"
"University of Bergen, West Norway","Master's Programme in Global development Theory and Practice","Master","https://studyinnorway.no/study-opportunities/masters-programme-global-development-theory-and-practice",2,120,"English"
"University of Agder, South Norway","Master's Programme in Global Development, Crisis and Change","Master","https://studyinnorway.no/study-opportunities/masters-programme-global-development-crisis-and-change-0",2,120,"English"
"University of Bergen, West Norway","Master's Programme in Global Health","Master","https://studyinnorway.no/study-opportunities/masters-programme-global-health",2,120,"English"
"University of Bergen, West Norway","Master's Programme in Linguistics","Master","https://studyinnorway.no/study-opportunities/masters-programme-linguistics",2,120,"English"
"University of Agder, South Norway","Master's Programme in Mechatronics","Master","https://studyinnorway.no/study-opportunities/masters-programme-mechatronics",2,120,"English"
"University of Bergen, West Norway","Master's Programme in Media and Interaction Design","Master","https://studyinnorway.no/study-opportunities/masters-programme-media-and-interaction-design",2,120,"English"
"University of Bergen, West Norway","Master's Programme in Music Performance or Composition","Master","https://studyinnorway.no/study-opportunities/masters-programme-music-performance-or-composition",2,120,"English"
"University of Agder, South Norway","Master's Programme in Nordic Languages and Literature for Non-Norwegian Students","Master","https://studyinnorway.no/study-opportunities/masters-programme-nordic-languages-and-literature-non-norwegian-students",2,120,"English"
"University of Bergen, West Norway","Master's Programme in Old Norse Studies","Master","https://studyinnorway.no/study-opportunities/masters-programme-old-norse-studies",2,120,"English"
"University of Bergen, West Norway","Master's Programme in Philosophy","Master","https://studyinnorway.no/study-opportunities/masters-programme-philosophy",2,120,"English"
"University of Bergen, West Norway","Master's Programme in Physical Geography","Master","https://studyinnorway.no/study-opportunities/masters-programme-physical-geography",2,120,"English"
"University of Bergen, West Norway","Master’s programme in Politics and Governance of Global Challenges","Master","https://studyinnorway.no/study-opportunities/masters-programme-politics-and-governance-global-challenges",2,120,"English"
"University of Agder, South Norway","Master's Programme in Popular Music","Master","https://studyinnorway.no/study-opportunities/masters-programme-popular-music",2,120,"English"
"University of Bergen, West Norway","Master's Programme in Religious Minorities","Master","https://studyinnorway.no/study-opportunities/masters-programme-religious-minorities",15,90,"English"
"University of Bergen, West Norway","Master's Programme in Reservoir and Geoenergy","Master","https://studyinnorway.no/study-opportunities/masters-programme-reservoir-and-geoenergy",2,120,"English"
"University of Bergen, West Norway","Master's Programme in Spanish and Latin-American Studies","Master","https://studyinnorway.no/study-opportunities/masters-programme-spanish-and-latin-american-studies",2,120,"English"
"University of Bergen, West Norway","Master's Programme in Sustainability","Master","https://studyinnorway.no/study-opportunities/masters-programme-sustainability",2,120,"English"
"University of Bergen, West Norway","Master's Programme in System Dynamics","Master","https://studyinnorway.no/study-opportunities/masters-programme-system-dynamics",2,120,"English"
"Norwegian University of Science and Technology, Mid Norway","Materials Science and Engineering - Master's Programme","Master","https://studyinnorway.no/study-opportunities/materials-science-and-engineering-masters-programme",2,120,"English"
"University of Oslo, East Norway","Materials Science for Energy and Nanotechnology","Master","https://studyinnorway.no/study-opportunities/materials-science-energy-and-nanotechnology",2,120,"English"
"UiT The Arctic University of Norway,","Mathematical Sciences - master","Master","https://studyinnorway.no/study-opportunities/mathematical-sciences-master",2,120,"English"
"Norwegian University of Science and Technology, Mid Norway","Mathematical Sciences - Master's Programme","Master","https://studyinnorway.no/study-opportunities/mathematical-sciences-masters-programme",2,120,"English"
"University of Oslo, East Norway","Mathematics","Master","https://studyinnorway.no/study-opportunities/mathematics",2,120,"English"
"University of Stavanger, West Norway","Mathematics and Physics - Master of Science Degree Programme","Master","https://studyinnorway.no/study-opportunities/mathematics-and-physics-master-science-degree-programme",2,120,"English"
"University of Agder, South Norway","Mathematics, Master's Programme","Master","https://studyinnorway.no/study-opportunities/mathematics-masters-programme",2,120,"English"
"OsloMet – Oslo Metropolitan University, East Norway","Mechanical Engineering","Master","https://studyinnorway.no/study-opportunities/mechanical-engineering",2,120,"English"
"Norwegian University of Science and Technology, West Norway","Mechatronics and Automation - Master's Programme","Master","https://studyinnorway.no/study-opportunities/mechatronics-and-automation-masters-programme",2,120,"English"
"University of Oslo, East Norway","Modern International and Transnational History","Master","https://studyinnorway.no/study-opportunities/modern-international-and-transnational-history",2,120,"English"
"Norwegian University of Science and Technology, Mid Norway","Molecular Medicine - Master's Programme","Master","https://studyinnorway.no/study-opportunities/molecular-medicine-masters-programme",2,120,"English"
"UiT The Arctic University of Norway,","Molecular Sciences - master","Master","https://studyinnorway.no/study-opportunities/molecular-sciences-master",2,120,"English"
"University of South-Eastern Norway,","MSc in Digital Transformation","Master","https://studyinnorway.no/study-opportunities/msc-digital-transformation",2,120,"English"
"University of South-Eastern Norway,","MSc in Digital Transformation","Master","https://studyinnorway.no/study-opportunities/msc-digital-transformation-0",2,120,"English"
"University of South-Eastern Norway,","MSc in Human Rights and Multiculturalism","Master","https://studyinnorway.no/study-opportunities/msc-human-rights-and-multiculturalism",2,120,"English"
"Nord University, North Norway","MSc in Sustainable Leadership and Arctic Perspectives","Master","https://studyinnorway.no/study-opportunities/msc-sustainable-leadership-and-arctic-perspectives",2,120,"English"
"University of Oslo, East Norway","Multilingualism","Master","https://studyinnorway.no/study-opportunities/multilingualism",2,120,"English"
"University of Agder, South Norway","Multimedia and Game Technologies, Master's Programme","Master","https://studyinnorway.no/study-opportunities/multimedia-and-game-technologies-masters-programme",2,120,"English"
"Kristiania University College, East Norway","Music Business Management","One-year programme","https://studyinnorway.no/study-opportunities/music-business-management",1,120,"English"
"UiT The Arctic University of Norway,","Music performance - master","Master","https://studyinnorway.no/study-opportunities/music-performance-master",2,120,"English"
"Norwegian University of Science and Technology, Mid Norway","Music Performance - Master’s programme","Master","https://studyinnorway.no/study-opportunities/music-performance-masters-programme",2,120,"English"
"University of Stavanger, West Norway","Music Production and Recording - Graduate studies","","https://studyinnorway.no/study-opportunities/music-production-and-recording-graduate-studies",NA,60,"English"
"University of Oslo, East Norway","Music, Communication and Technology","Master","https://studyinnorway.no/study-opportunities/music-communication-and-technology",2,120,"English"
"Norwegian University of Science and Technology, Mid Norway","Natural Resources Management - Master's Programme","Master","https://studyinnorway.no/study-opportunities/natural-resources-management-masters-programme",2,120,"English"
"Norwegian University of Science and Technology, Mid Norway","Neuroscience - Master's Programme","Master","https://studyinnorway.no/study-opportunities/neuroscience-masters-programme",2,120,"English"
"Norwegian University of Life Sciences,","Nordic Master in Aquatic Food Production - Safety and Quality","Master","https://studyinnorway.no/study-opportunities/nordic-master-aquatic-food-production-safety-and-quality",2,120,"English"
"OsloMet – Oslo Metropolitan University, East Norway","Nordic Social Policy and Global Sustainable Development","Master","https://studyinnorway.no/study-opportunities/nordic-social-policy-and-global-sustainable-development",2,120,"English"
"University of Oslo, East Norway","North Sea Energy Law","Master","https://studyinnorway.no/study-opportunities/north-sea-energy-law",NA,90,"English"
"University of South-Eastern Norway,","Norwegian Folk Music / Norwegian Folk Art for International Students","One-year programme","https://studyinnorway.no/study-opportunities/norwegian-folk-music-norwegian-folk-art-international-students",1,60,"English"
"Volda University College, West Norway","Norwegian language and civilization for international students (NIS)","One-year programme","https://studyinnorway.no/study-opportunities/norwegian-language-and-civilization-international-students-nis",1,60,"English"
"UiT The Arctic University of Norway, North Norway","Norwegian Language and Society for Foreign Students - one year programme","One-year programme","https://studyinnorway.no/study-opportunities/norwegian-language-and-society-foreign-students-one-year-programme",1,60,"English"
"Norwegian University of Life Sciences, East Norway","Nuclear and Environmental Sciences","Master","https://studyinnorway.no/study-opportunities/nuclear-and-environmental-sciences",2,120,"English"
"University of Oslo, East Norway","Nuclear Science","Master","https://studyinnorway.no/study-opportunities/nuclear-science-1",2,120,"English"
"Norwegian University of Science and Technology, Mid Norway","Ocean Resources - Master's Programme","Master","https://studyinnorway.no/study-opportunities/ocean-resources-masters-programme",2,120,"English"
"Norwegian School of Sport Sciences,","Organization and Leadership in Sport","One-year programme","https://studyinnorway.no/study-opportunities/organization-and-leadership-sport",1,60,"English"
"University of Oslo, East Norway","Peace and Conflict Studies","Master","https://studyinnorway.no/study-opportunities/peace-and-conflict-studies",2,120,"English"
"UiT The Arctic University of Norway,","Peace and Conflict Transformation - master","Master","https://studyinnorway.no/study-opportunities/peace-and-conflict-transformation-master",2,120,"English"
"University of Stavanger, West Norway","Petroleum Engineering - Master of Science Degree Programme","Master","https://studyinnorway.no/study-opportunities/petroleum-engineering-master-science-degree-programme",2,120,"English"
"University of Oslo, East Norway","Philosophy","Master","https://studyinnorway.no/study-opportunities/philosophy",2,120,"English"
"Norwegian University of Life Sciences, East Norway","Photonics","Master","https://studyinnorway.no/study-opportunities/photonics",2,120,"English"
"University of South-Eastern Norway,","Physical Education, Sport and Outdoor Learning","One-year programme","https://studyinnorway.no/study-opportunities/physical-education-sport-and-outdoor-learning",1,60,"English"
"University of Oslo, East Norway","Physics","Master","https://studyinnorway.no/study-opportunities/physics",2,120,"English"
"UiT The Arctic University of Norway,","Physics - master","Master","https://studyinnorway.no/study-opportunities/physics-master",2,120,"English"
"Norwegian University of Science and Technology, Mid Norway","Physics - Master's Programme","Master","https://studyinnorway.no/study-opportunities/physics-masters-programme",2,120,"English"
"Norwegian University of Life Sciences, East Norway","Plant Sciences","Master","https://studyinnorway.no/study-opportunities/plant-sciences",2,120,"English"
"University of Stavanger, West Norway","Postgraduate Diploma in Music Performance","","https://studyinnorway.no/study-opportunities/postgraduate-diploma-music-performance",NA,60,"English"
"OsloMet – Oslo Metropolitan University,","Product Design - Design in Complexity","Master","https://studyinnorway.no/study-opportunities/product-design-design-complexity-0",2,120,"English"
"Norwegian University of Science and Technology, Mid Norway","Project Management - Master's Programme","Master","https://studyinnorway.no/study-opportunities/project-management-masters-programme",2,120,"English"
"University of Oslo, East Norway","Psychology","Master","https://studyinnorway.no/study-opportunities/psychology",2,120,"English"
"UiT The Arctic University of Norway,","Psychology - master","Master","https://studyinnorway.no/study-opportunities/psychology-master",2,120,"English"
"UiT The Arctic University of Norway,","Public Health - master","Master","https://studyinnorway.no/study-opportunities/public-health-master",2,120,"English"
"OsloMet – Oslo Metropolitan University, East Norway","Public Health Nutrition","Master","https://studyinnorway.no/study-opportunities/public-health-nutrition",2,120,"English"
"University of Oslo, East Norway","Public International Law","Master","https://studyinnorway.no/study-opportunities/public-international-law",1,90,"English"
"BI Norwegian Business School, East Norway","Quantitative Finance","Master","https://studyinnorway.no/study-opportunities/quantitative-finance",2,120,"English"
"Norwegian University of Science and Technology, Mid Norway","Reliability, Availability, Maintainability and Safety (RAMS) - Master's Programme","Master","https://studyinnorway.no/study-opportunities/reliability-availability-maintainability-and-safety-rams-masters-programme",2,120,"English"
"University of Oslo, East Norway","Religious Roots of Europe","Master","https://studyinnorway.no/study-opportunities/religious-roots-europe",2,120,"English"
"University of Oslo, East Norway","Renewable Energy Systems","Master","https://studyinnorway.no/study-opportunities/renewable-energy-systems",2,120,"English"
"University of Oslo, East Norway","Research in Special Needs Education","Master","https://studyinnorway.no/study-opportunities/research-special-needs-education",2,120,"English"
"University of Stavanger, West Norway","Risk Analysis - Master of Science Degree Programme","Master","https://studyinnorway.no/study-opportunities/risk-analysis-master-science-degree-programme",2,120,"English"
"University of South-Eastern Norway,","Scandinavian Studies – Autumn semester","","https://studyinnorway.no/study-opportunities/scandinavian-studies-autumn-semester",NA,30,"English"
"University of South-Eastern Norway,","Scandinavian Studies – Full year","One-year programme","https://studyinnorway.no/study-opportunities/scandinavian-studies-full-year",1,60,"English"
"University of South-Eastern Norway,","Scandinavian Studies – Spring semester","","https://studyinnorway.no/study-opportunities/scandinavian-studies-spring-semester",NA,30,"English"
"University of Oslo, East Norway","Screen Cultures","Master","https://studyinnorway.no/study-opportunities/screen-cultures",2,120,"English"
"University of Stavanger, West Norway","Service Leadership in International Business - Master's Programme","Master","https://studyinnorway.no/study-opportunities/service-leadership-international-business-masters-programme",2,120,"English"
"University of Oslo, East Norway","Social Anthropology","Master","https://studyinnorway.no/study-opportunities/social-anthropology-0",2,120,"English"
"University of Oslo, East Norway","Space Systems","Master","https://studyinnorway.no/study-opportunities/space-systems",2,120,"English"
"Norwegian School of Sport Sciences,","Sport, Culture and Development Cooperation","One-year programme","https://studyinnorway.no/study-opportunities/sport-culture-and-development-cooperation",1,60,"English"
"Nord University, Mid Norway","Sports and Physical Education, one year","One-year programme","https://studyinnorway.no/study-opportunities/sports-and-physical-education-one-year",1,60,"English"
"University of Oslo, East Norway","Stochastic Modelling, Statistics and Risk Analysis","Master","https://studyinnorway.no/study-opportunities/stochastic-modelling-statistics-and-risk-analysis",2,120,"English"
"BI Norwegian Business School,","Strategic Marketing Management","Master","https://studyinnorway.no/study-opportunities/strategic-marketing-management",2,120,"English"
"NHH Norwegian School of Economics,","Strategy and Management","Master","https://studyinnorway.no/study-opportunities/strategy-and-management",2,120,"English"
"University of Stavanger, West Norway","Structural and Mechanical Engineering - Master of Science Degree Programme","Master","https://studyinnorway.no/study-opportunities/structural-and-mechanical-engineering-master-science-degree-programme",2,120,"English"
"Norwegian University of Science and Technology, Mid Norway","Subsea Technology - Master's Programme","Master","https://studyinnorway.no/study-opportunities/subsea-technology-masters-programme",2,120,"English"
"University of Stavanger, West Norway","Sustainability Studies - Master's Degree Programme","Master","https://studyinnorway.no/study-opportunities/sustainability-studies-masters-degree-programme",2,120,"English"
"Norwegian University of Science and Technology, Mid Norway","Sustainable Architecture - Master's Programme","Master","https://studyinnorway.no/study-opportunities/sustainable-architecture-masters-programme",2,120,"English"
"Norwegian University of Science and Technology, Mid Norway","Sustainable Chemical and Biochemical Engineering - Master's Programme","Master","https://studyinnorway.no/study-opportunities/sustainable-chemical-and-biochemical-engineering-masters-programme",2,120,"English"
"Norwegian University of Science and Technology, Mid Norway","Sustainable Energy - Master's Programme","Master","https://studyinnorway.no/study-opportunities/sustainable-energy-masters-programme",2,120,"English"
"Western Norway University of Applied Sciences, West Norway","Sustainable Energy Technology","Master","https://studyinnorway.no/study-opportunities/sustainable-energy-technology",2,120,"English"
"BI Norwegian Business School, East Norway","Sustainable Finance","Master","https://studyinnorway.no/study-opportunities/sustainable-finance",2,120,"English"
"Nord University, North Norway","Sustainable Production and Utilisation of Marine Bioresources, Nordic Master","Master","https://studyinnorway.no/study-opportunities/sustainable-production-and-utilisation-marine-bioresources-nordic-master",2,120,"English"
"University of South-Eastern Norway,","Systems Engineering   (Industry Master)","Master","https://studyinnorway.no/study-opportunities/systems-engineering-industry-master",2,120,"English"
"UiT The Arctic University of Norway,","Technology and Safety in the High North - master","Master","https://studyinnorway.no/study-opportunities/technology-and-safety-high-north-master",2,120,"English"
"University of Oslo, East Norway","The Psychology of Global Mobility, Inclusion and Diversity in Society","Master","https://studyinnorway.no/study-opportunities/psychology-global-mobility-inclusion-and-diversity-society",2,120,"English"
"University of Oslo, East Norway","The Theory and Practice of Human Rights","Master","https://studyinnorway.no/study-opportunities/theory-and-practice-human-rights",2,120,"English"
"UiT The Arctic University of Norway,","Theoretical Linguistics - master","Master","https://studyinnorway.no/study-opportunities/theoretical-linguistics-master",2,120,"English"
"OsloMet – Oslo Metropolitan University, East Norway","Transport and Urban Analytics","Master","https://studyinnorway.no/study-opportunities/transport-and-urban-analytics",2,120,"English"
"Norwegian University of Life Sciences, East Norway","Urban Agriculture","Master","https://studyinnorway.no/study-opportunities/urban-agriculture",2,120,"English"
"University of Oslo, East Norway","Viking and Medieval Norse Studies","Master","https://studyinnorway.no/study-opportunities/viking-and-medieval-norse-studies",2,120,"English"
"University of Oslo, East Norway","Viking and Medieval Studies","Master","https://studyinnorway.no/study-opportunities/viking-and-medieval-studies",2,120,"English"
